source,rating,text,date
App Store,5,Recorded a whole beat on the train and finished it on my laptop at home. The sync between devices is magic.,2026-09-01
Google Play,2,Export to WAV keeps sending me to the membership page. I just want to download my own song.,2026-09-02
App Store,4,SongStarter gave me a chord progression I actually liked. Wish it could suggest drum patterns too.,2026-09-03
Google Play,1,Promo code button does nothing. Tapped it ten times. Nothing happens.,2026-09-04
App Store,5,Collab rooms are the best feature. My cousin in Jakarta added vocals the same night.,2026-09-05
Google Play,3,Mastering presets sound good but I can't compare before and after easily.,2026-09-06
App Store,2,Latency when recording vocals over bluetooth headphones makes it unusable.,2026-09-07
Google Play,4,Love the lo-fi presets. Would pay for more instrument packs.,2026-09-08
App Store,3,Free trial is fine but annual price isn't clear until checkout.,2026-09-09
Google Play,5,Best free music app I've used. Published my first song in an hour.,2026-09-10
App Store,2,App crashed twice while adding a fifth track. Lost my take.,2026-09-11
Google Play,4,"SongStarter is fun, but sometimes the suggestions are too generic.",2026-09-12
App Store,1,Charged after trial even though I cancelled. Support took four days to reply.,2026-09-13
Google Play,5,The trending page helped me find people to collaborate with.,2026-09-14
App Store,4,Mastering 'Punchy' preset makes my drill beats slap.,2026-09-15
Google Play,2,Too many steps to invite a collaborator. Make it one tap.,2026-09-16
App Store,3,Would love Hindi and Bahasa language support in the app.,2026-09-17
Google Play,5,Recording guitar directly through my interface works perfectly.,2026-09-18
App Store,2,The paywall pops up right after I finish mastering. Feels like a trap.,2026-09-19
Google Play,4,Remix feature is great for learning how other producers build songs.,2026-09-20
Support ticket,,I can't find where my exported files are saved on Android.,2026-09-21
Support ticket,,Promo code from the YouTube creator isn't applying at checkout.,2026-09-22
Support ticket,,How do I move a project from my phone to the desktop app?,2026-09-23
Support ticket,,SongStarter suggested chords in the wrong key for my song.,2026-09-24
Support ticket,,I was billed annually but selected monthly.,2026-09-25
Support ticket,,"Collaborator can't hear my recorded track, only the drums.",2026-09-26
Survey,,"I'd upgrade if I could export stems, not just the full mix.",2026-09-27
Survey,,Mastering is the main reason I'd pay.,2026-09-28
Survey,,The AI ideas are a good starting point but I want more control over tempo.,2026-09-01
Survey,,Price is okay but I'm a student — a student plan would help.,2026-09-02
